{"LabelName":"Sparrow_Legacy","Label_X":12292.0,"Label_Y":1895.0,"LabelScale":300.0}{"LabelName":"squirrel_v2.0_LOD0","Label_X":14288.0,"Label_Y":1915.0001220703125,"LabelScale":200.0}{"LabelName":"Koi","Label_X":5777.0,"Label_Y":343.0,"LabelScale":100.0}{"LabelName":"RedCrownedCrane","Label_X":3862.0,"Label_Y":1252.0,"LabelScale":306.75}{"Min_Pan":3870.0,"Max_Pan":13780.0,"Min_Tilt":0.0,"Max_Tilt":3500.0,"StartPosition_x":12860.0,"StartPosition_y":2210.0,"ChangeValue_x":1.13300000131130219,"ChangeValue_y":0.8330000042915344,"WaitingTime":120}